Motivazione,,,,,,,,,,,,,,,,,,,,,,,,,,,,,,,,,,,,,,,,,,,,,,,,,,,,,,,,
NOUN,,,,,,,,,,,,,,,,,,,,,,,,,,,,,,,,,,,,,,,,,,,,,,,,,,,,,,,,
Programmazione,,,,,,,,,,,,,,,,,,,,,,,,,,,,,,,,,,,,,,,,,,,,,,,,,,,,,,,,
NOUN,,,,,,,,,,,,,,,,,,,,,,,,,,,,,,,,,,,,,,,,,,,,,,,,,,,,,,,,
L'unico,esercizio,che,abbiamo,fatto,,,,,,,,,,,,,,,,,,,,,,,,,,,,,,,,,,,,,,,,,,,,,,,,,,,,
ADJ,NOUN,SCONJ,AUX,VERB,,,,,,,,,,,,,,,,,,,,,,,,,,,,,,,,,,,,,,,,,,,,,,,,,,,,
Conoscenza,,,,,,,,,,,,,,,,,,,,,,,,,,,,,,,,,,,,,,,,,,,,,,,,,,,,,,,,
NOUN,,,,,,,,,,,,,,,,,,,,,,,,,,,,,,,,,,,,,,,,,,,,,,,,,,,,,,,,
test,,,,,,,,,,,,,,,,,,,,,,,,,,,,,,,,,,,,,,,,,,,,,,,,,,,,,,,,
NOUN,,,,,,,,,,,,,,,,,,,,,,,,,,,,,,,,,,,,,,,,,,,,,,,,,,,,,,,,
programmazione,,,,,,,,,,,,,,,,,,,,,,,,,,,,,,,,,,,,,,,,,,,,,,,,,,,,,,,,
NOUN,,,,,,,,,,,,,,,,,,,,,,,,,,,,,,,,,,,,,,,,,,,,,,,,,,,,,,,,
programmazione,,,,,,,,,,,,,,,,,,,,,,,,,,,,,,,,,,,,,,,,,,,,,,,,,,,,,,,,
NOUN,,,,,,,,,,,,,,,,,,,,,,,,,,,,,,,,,,,,,,,,,,,,,,,,,,,,,,,,
python,,,,,,,,,,,,,,,,,,,,,,,,,,,,,,,,,,,,,,,,,,,,,,,,,,,,,,,,
PROPN,,,,,,,,,,,,,,,,,,,,,,,,,,,,,,,,,,,,,,,,,,,,,,,,,,,,,,,,
il,nome,del,professore,,,,,,,,,,,,,,,,,,,,,,,,,,,,,,,,,,,,,,,,,,,,,,,,,,,,,
DET,NOUN,ADP,,,,,,,,,,,,,,,,,,,,,,,,,,,,,,,,,,,,,,,,,,,,,,,,,,,,,,
L'importanza,dei,dati,,,,,,,,,,,,,,,,,,,,,,,,,,,,,,,,,,,,,,,,,,,,,,,,,,,,,,
NOUN,ADP,NOUN,,,,,,,,,,,,,,,,,,,,,,,,,,,,,,,,,,,,,,,,,,,,,,,,,,,,,,
Python,,,,,,,,,,,,,,,,,,,,,,,,,,,,,,,,,,,,,,,,,,,,,,,,,,,,,,,,
PROPN,,,,,,,,,,,,,,,,,,,,,,,,,,,,,,,,,,,,,,,,,,,,,,,,,,,,,,,,
Il,nostro,futuro,,,,,,,,,,,,,,,,,,,,,,,,,,,,,,,,,,,,,,,,,,,,,,,,,,,,,,
DET,ADJ,NOUN,,,,,,,,,,,,,,,,,,,,,,,,,,,,,,,,,,,,,,,,,,,,,,,,,,,,,,
Coniscerci,,,,,,,,,,,,,,,,,,,,,,,,,,,,,,,,,,,,,,,,,,,,,,,,,,,,,,,,
VERB,,,,,,,,,,,,,,,,,,,,,,,,,,,,,,,,,,,,,,,,,,,,,,,,,,,,,,,,
Nessuna,in,particolare,,,,,,,,,,,,,,,,,,,,,,,,,,,,,,,,,,,,,,,,,,,,,,,,,,,,,,
PRON,ADP,NOUN,,,,,,,,,,,,,,,,,,,,,,,,,,,,,,,,,,,,,,,,,,,,,,,,,,,,,,
Nessuna,,,,,,,,,,,,,,,,,,,,,,,,,,,,,,,,,,,,,,,,,,,,,,,,,,,,,,,,
PRON,,,,,,,,,,,,,,,,,,,,,,,,,,,,,,,,,,,,,,,,,,,,,,,,,,,,,,,,
Introduzione,,,,,,,,,,,,,,,,,,,,,,,,,,,,,,,,,,,,,,,,,,,,,,,,,,,,,,,,
NOUN,,,,,,,,,,,,,,,,,,,,,,,,,,,,,,,,,,,,,,,,,,,,,,,,,,,,,,,,
Come,programmare,,,,,,,,,,,,,,,,,,,,,,,,,,,,,,,,,,,,,,,,,,,,,,,,,,,,,,,
ADV,VERB,,,,,,,,,,,,,,,,,,,,,,,,,,,,,,,,,,,,,,,,,,,,,,,,,,,,,,,
Come,programmare,,,,,,,,,,,,,,,,,,,,,,,,,,,,,,,,,,,,,,,,,,,,,,,,,,,,,,,
ADV,VERB,,,,,,,,,,,,,,,,,,,,,,,,,,,,,,,,,,,,,,,,,,,,,,,,,,,,,,,
Inizio,,,,,,,,,,,,,,,,,,,,,,,,,,,,,,,,,,,,,,,,,,,,,,,,,,,,,,,,
NOUN,,,,,,,,,,,,,,,,,,,,,,,,,,,,,,,,,,,,,,,,,,,,,,,,,,,,,,,,
Intelligenza,artificiale,,,,,,,,,,,,,,,,,,,,,,,,,,,,,,,,,,,,,,,,,,,,,,,,,,,,,,,
NOUN,ADJ,,,,,,,,,,,,,,,,,,,,,,,,,,,,,,,,,,,,,,,,,,,,,,,,,,,,,,,
Nessuno,,,,,,,,,,,,,,,,,,,,,,,,,,,,,,,,,,,,,,,,,,,,,,,,,,,,,,,,
PRON,,,,,,,,,,,,,,,,,,,,,,,,,,,,,,,,,,,,,,,,,,,,,,,,,,,,,,,,
Conoscenza,e,motivazione,,,,,,,,,,,,,,,,,,,,,,,,,,,,,,,,,,,,,,,,,,,,,,,,,,,,,,
NOUN,CCONJ,NOUN,,,,,,,,,,,,,,,,,,,,,,,,,,,,,,,,,,,,,,,,,,,,,,,,,,,,,,
La,programmazione,,,,,,,,,,,,,,,,,,,,,,,,,,,,,,,,,,,,,,,,,,,,,,,,,,,,,,,
DET,NOUN,,,,,,,,,,,,,,,,,,,,,,,,,,,,,,,,,,,,,,,,,,,,,,,,,,,,,,,
Nessuna,,,,,,,,,,,,,,,,,,,,,,,,,,,,,,,,,,,,,,,,,,,,,,,,,,,,,,,,
PRON,,,,,,,,,,,,,,,,,,,,,,,,,,,,,,,,,,,,,,,,,,,,,,,,,,,,,,,,
Occorre,imparare,a,gestire,ciò,che,oramai,gestisce,il,mondo,,,,,,,,,,,,,,,,,,,,,,,,,,,,,,,,,,,,,,,,,,,,,,,
VERB,VERB,ADP,VERB,PRON,PRON,ADV,VERB,DET,NOUN,,,,,,,,,,,,,,,,,,,,,,,,,,,,,,,,,,,,,,,,,,,,,,,
Introduzione,al,corso,,,,,,,,,,,,,,,,,,,,,,,,,,,,,,,,,,,,,,,,,,,,,,,,,,,,,,
NOUN,ADP,NOUN,,,,,,,,,,,,,,,,,,,,,,,,,,,,,,,,,,,,,,,,,,,,,,,,,,,,,,
Nessuna,,,,,,,,,,,,,,,,,,,,,,,,,,,,,,,,,,,,,,,,,,,,,,,,,,,,,,,,
PRON,,,,,,,,,,,,,,,,,,,,,,,,,,,,,,,,,,,,,,,,,,,,,,,,,,,,,,,,
Variabili,e,algoritmi,,,,,,,,,,,,,,,,,,,,,,,,,,,,,,,,,,,,,,,,,,,,,,,,,,,,,,
NOUN,CCONJ,NOUN,,,,,,,,,,,,,,,,,,,,,,,,,,,,,,,,,,,,,,,,,,,,,,,,,,,,,,
Algoritmi,,,,,,,,,,,,,,,,,,,,,,,,,,,,,,,,,,,,,,,,,,,,,,,,,,,,,,,,
NOUN,,,,,,,,,,,,,,,,,,,,,,,,,,,,,,,,,,,,,,,,,,,,,,,,,,,,,,,,
La,lezione,è,leggera,e,"scorrevole,",a,tratti,"ricreativa,",ma,si,potrebbe,essere,più,concreti,e,trasmettere,più,concetti,mantenendo,la,sua,bellissima,metodologia.,Un,esempio,potrebbe,essere,una,più,ampliata,e,specifica,esposizione,degli,algoritmi.,Apprezzo,tantissimo,la,possibilità,di,esprimere,un,parere,in,merito,e,lunge,da,me,sapere,come,si,svolge,il,suo,lavoro.
DET,NOUN,AUX,ADJ,CCONJ,ADJ,ADP,NOUN,ADJ,CCONJ,PRON,VERB,AUX ,ADV,ADJ,CCONJ,VERB,ADV,ADJ,VERB,DET,ADJ,ADJ,NOUN,DET,NOUN,VERB,AUX,DET,ADV,ADJ,CCONJ,ADJ,NOUN,ADP,NOUN,VERB,ADJ,DET,NOUN,ADP,VERB,DET,NOUN,ADP,NOUN,CCONJ,ADV,ADP,ADP,VERB,ADV,ADV,VERB,DET,ADJ,NOUN
Descrizione,di,variabile,informatica,e,del,concetto,di,algoritmo,,,,,,,,,,,,,,,,,,,,,,,,,,,,,,,,,,,,,,,,,,,,,,,,
NOUN,ADP,NOUN,ADJ,CCONJ,ADP,NOUN,ADP,NOUN,,,,,,,,,,,,,,,,,,,,,,,,,,,,,,,,,,,,,,,,,,,,,,,,
Formulazione,di,algoritmi,,,,,,,,,,,,,,,,,,,,,,,,,,,,,,,,,,,,,,,,,,,,,,,,,,,,,,
NOUN,ADP,NOUN,,,,,,,,,,,,,,,,,,,,,,,,,,,,,,,,,,,,,,,,,,,,,,,,,,,,,,
Nessuna,,,,,,,,,,,,,,,,,,,,,,,,,,,,,,,,,,,,,,,,,,,,,,,,,,,,,,,,
PRON,,,,,,,,,,,,,,,,,,,,,,,,,,,,,,,,,,,,,,,,,,,,,,,,,,,,,,,,
La,definizione,di,variabile,e,algoritmo,,,,,,,,,,,,,,,,,,,,,,,,,,,,,,,,,,,,,,,,,,,,,,,,,,,
DET,NOUN,ADP,NOUN,CCONJ,NOUN,,,,,,,,,,,,,,,,,,,,,,,,,,,,,,,,,,,,,,,,,,,,,,,,,,,
La,definzione,di,algoritmo,e,variabile,,,,,,,,,,,,,,,,,,,,,,,,,,,,,,,,,,,,,,,,,,,,,,,,,,,
DET,NOUN,ADP,NOUN ,CCONJ,NOUN,,,,,,,,,,,,,,,,,,,,,,,,,,,,,,,,,,,,,,,,,,,,,,,,,,,
Nessuna,,,,,,,,,,,,,,,,,,,,,,,,,,,,,,,,,,,,,,,,,,,,,,,,,,,,,,,,
PRON,,,,,,,,,,,,,,,,,,,,,,,,,,,,,,,,,,,,,,,,,,,,,,,,,,,,,,,,
Basi,dell'informatica:,defininizioni,di,"sequenza,",variabili,informatiche,ed,algoritmo,,,,,,,,,,,,,,,,,,,,,,,,,,,,,,,,,,,,,,,,,,,,,,,,
NOUN,NOUN,NOUN,ADP,NOUN,NOOUN,ADJ,CCONJ,NOUN,,,,,,,,,,,,,,,,,,,,,,,,,,,,,,,,,,,,,,,,,,,,,,,,
Tutto,,,,,,,,,,,,,,,,,,,,,,,,,,,,,,,,,,,,,,,,,,,,,,,,,,,,,,,,
PRON,,,,,,,,,,,,,,,,,,,,,,,,,,,,,,,,,,,,,,,,,,,,,,,,,,,,,,,,
Nulla,,,,,,,,,,,,,,,,,,,,,,,,,,,,,,,,,,,,,,,,,,,,,,,,,,,,,,,,
PRON,,,,,,,,,,,,,,,,,,,,,,,,,,,,,,,,,,,,,,,,,,,,,,,,,,,,,,,,
Cosa,sono,una,variabile,informatica,e,un,algoritmo,,,,,,,,,,,,,,,,,,,,,,,,,,,,,,,,,,,,,,,,,,,,,,,,,
ADV,AUX,DET,NOUN,ADJ,CCONJ,DET,NOUN,,,,,,,,,,,,,,,,,,,,,,,,,,,,,,,,,,,,,,,,,,,,,,,,,
Gli,algoritmi,,,,,,,,,,,,,,,,,,,,,,,,,,,,,,,,,,,,,,,,,,,,,,,,,,,,,,,
DET,NOUN,,,,,,,,,,,,,,,,,,,,,,,,,,,,,,,,,,,,,,,,,,,,,,,,,,,,,,,
L?esecuzione,pratica,dell?algoritmo,della,somma,,,,,,,,,,,,,,,,,,,,,,,,,,,,,,,,,,,,,,,,,,,,,,,,,,,,
NOUN,ADJ,NOUN,ADP,NOUN,,,,,,,,,,,,,,,,,,,,,,,,,,,,,,,,,,,,,,,,,,,,,,,,,,,,
Concetto,di,incognita,e,algoritmo,,,,,,,,,,,,,,,,,,,,,,,,,,,,,,,,,,,,,,,,,,,,,,,,,,,,
NOUN,ADO,NOUN,CCONJ,NOUN,,,,,,,,,,,,,,,,,,,,,,,,,,,,,,,,,,,,,,,,,,,,,,,,,,,,
Concetto,di,incognita,e,differenze,rispetto,al,suo,equivalente,matematico,,,,,,,,,,,,,,,,,,,,,,,,,,,,,,,,,,,,,,,,,,,,,,,
NOUN,ADP,NOUN,CCONJ,NOUN,NOUN,ADP,ADJ,NOUN,ADJ,,,,,,,,,,,,,,,,,,,,,,,,,,,,,,,,,,,,,,,,,,,,,,,
Nessuna,,,,,,,,,,,,,,,,,,,,,,,,,,,,,,,,,,,,,,,,,,,,,,,,,,,,,,,,
PRON,,,,,,,,,,,,,,,,,,,,,,,,,,,,,,,,,,,,,,,,,,,,,,,,,,,,,,,,
Algoritmo,e,variabile,informatica,,,,,,,,,,,,,,,,,,,,,,,,,,,,,,,,,,,,,,,,,,,,,,,,,,,,,
NOUN,CCONJ,NOUN,ADJ,,,,,,,,,,,,,,,,,,,,,,,,,,,,,,,,,,,,,,,,,,,,,,,,,,,,,
Variabile,informatica,,,,,,,,,,,,,,,,,,,,,,,,,,,,,,,,,,,,,,,,,,,,,,,,,,,,,,,
NOUN,ADJ,,,,,,,,,,,,,,,,,,,,,,,,,,,,,,,,,,,,,,,,,,,,,,,,,,,,,,,
Algoritmo,,,,,,,,,,,,,,,,,,,,,,,,,,,,,,,,,,,,,,,,,,,,,,,,,,,,,,,,
NOUN,,,,,,,,,,,,,,,,,,,,,,,,,,,,,,,,,,,,,,,,,,,,,,,,,,,,,,,,
Algoritmo,,,,,,,,,,,,,,,,,,,,,,,,,,,,,,,,,,,,,,,,,,,,,,,,,,,,,,,,
NOUN,,,,,,,,,,,,,,,,,,,,,,,,,,,,,,,,,,,,,,,,,,,,,,,,,,,,,,,,
Somma,,,,,,,,,,,,,,,,,,,,,,,,,,,,,,,,,,,,,,,,,,,,,,,,,,,,,,,,
NOUN,,,,,,,,,,,,,,,,,,,,,,,,,,,,,,,,,,,,,,,,,,,,,,,,,,,,,,,,
Trovare,la,complessità,,,,,,,,,,,,,,,,,,,,,,,,,,,,,,,,,,,,,,,,,,,,,,,,,,,,,,
VERB,DET,NOUN,,,,,,,,,,,,,,,,,,,,,,,,,,,,,,,,,,,,,,,,,,,,,,,,,,,,,,
Complessità,,,,,,,,,,,,,,,,,,,,,,,,,,,,,,,,,,,,,,,,,,,,,,,,,,,,,,,,
NOUN,,,,,,,,,,,,,,,,,,,,,,,,,,,,,,,,,,,,,,,,,,,,,,,,,,,,,,,,
Trovare,soluzioni,più,veloci,per,risolvere,un,problema,,,,,,,,,,,,,,,,,,,,,,,,,,,,,,,,,,,,,,,,,,,,,,,,,
VERB,NOUN,ADV,ADJ,ADP,VERB,DET,NOUN,,,,,,,,,,,,,,,,,,,,,,,,,,,,,,,,,,,,,,,,,,,,,,,,,
-,,,,,,,,,,,,,,,,,,,,,,,,,,,,,,,,,,,,,,,,,,,,,,,,,,,,,,,,
SYM,,,,,,,,,,,,,,,,,,,,,,,,,,,,,,,,,,,,,,,,,,,,,,,,,,,,,,,,
Algoritmo,,,,,,,,,,,,,,,,,,,,,,,,,,,,,,,,,,,,,,,,,,,,,,,,,,,,,,,,
NOUN,,,,,,,,,,,,,,,,,,,,,,,,,,,,,,,,,,,,,,,,,,,,,,,,,,,,,,,,
Sistema,binario,,,,,,,,,,,,,,,,,,,,,,,,,,,,,,,,,,,,,,,,,,,,,,,,,,,,,,,
NOUN,ADJ,,,,,,,,,,,,,,,,,,,,,,,,,,,,,,,,,,,,,,,,,,,,,,,,,,,,,,,
/,,,,,,,,,,,,,,,,,,,,,,,,,,,,,,,,,,,,,,,,,,,,,,,,,,,,,,,,
SYM,,,,,,,,,,,,,,,,,,,,,,,,,,,,,,,,,,,,,,,,,,,,,,,,,,,,,,,,
La,rappresentazione,di,qualcosa,,,,,,,,,,,,,,,,,,,,,,,,,,,,,,,,,,,,,,,,,,,,,,,,,,,,,
DET,NOUN,ADP,PRON,,,,,,,,,,,,,,,,,,,,,,,,,,,,,,,,,,,,,,,,,,,,,,,,,,,,,
La,differenza,fra,significato,e,significante,,,,,,,,,,,,,,,,,,,,,,,,,,,,,,,,,,,,,,,,,,,,,,,,,,,
DET,NOUN,ADP,NOUN,CCONJ,NOUN,,,,,,,,,,,,,,,,,,,,,,,,,,,,,,,,,,,,,,,,,,,,,,,,,,,
Nessuna,,,,,,,,,,,,,,,,,,,,,,,,,,,,,,,,,,,,,,,,,,,,,,,,,,,,,,,,
PRON,,,,,,,,,,,,,,,,,,,,,,,,,,,,,,,,,,,,,,,,,,,,,,,,,,,,,,,,
Rappresentazione,dell'informaziond,,,,,,,,,,,,,,,,,,,,,,,,,,,,,,,,,,,,,,,,,,,,,,,,,,,,,,,
NOUN,NOUN,,,,,,,,,,,,,,,,,,,,,,,,,,,,,,,,,,,,,,,,,,,,,,,,,,,,,,,
La,rappresentazione,simbolica,di,informazione,,,,,,,,,,,,,,,,,,,,,,,,,,,,,,,,,,,,,,,,,,,,,,,,,,,,
DET,NOUN,ADJ,ADP,NOUN,,,,,,,,,,,,,,,,,,,,,,,,,,,,,,,,,,,,,,,,,,,,,,,,,,,,
Nessuna,,,,,,,,,,,,,,,,,,,,,,,,,,,,,,,,,,,,,,,,,,,,,,,,,,,,,,,,
PRON,,,,,,,,,,,,,,,,,,,,,,,,,,,,,,,,,,,,,,,,,,,,,,,,,,,,,,,,
La,Rappresentazione,,,,,,,,,,,,,,,,,,,,,,,,,,,,,,,,,,,,,,,,,,,,,,,,,,,,,,,
DET,NOUN,,,,,,,,,,,,,,,,,,,,,,,,,,,,,,,,,,,,,,,,,,,,,,,,,,,,,,,
La,rappresentazione,numerica,,,,,,,,,,,,,,,,,,,,,,,,,,,,,,,,,,,,,,,,,,,,,,,,,,,,,,
DET,NOUN,ADJ,,,,,,,,,,,,,,,,,,,,,,,,,,,,,,,,,,,,,,,,,,,,,,,,,,,,,,
Operazioni,adoperando,il,sistema,binario,,,,,,,,,,,,,,,,,,,,,,,,,,,,,,,,,,,,,,,,,,,,,,,,,,,,
NOUN,VERB,DET,NOUN,ADJ,,,,,,,,,,,,,,,,,,,,,,,,,,,,,,,,,,,,,,,,,,,,,,,,,,,,
I,numeri,romani,sono,numeri,in,disuso,perché,la,loro,rappresentazione,non,permette,un,algoritmo,efficace,,,,,,,,,,,,,,,,,,,,,,,,,,,,,,,,,,,,,,,,,
DET,NOUN,ADJ,AUX,NOUN,ADP,NOUN,SCONJ,DET,PRON,NOUN,ADV,VERB,DET,NOUN,ADJ,,,,,,,,,,,,,,,,,,,,,,,,,,,,,,,,,,,,,,,,,
La,rappresentazione,dei,numeri,,,,,,,,,,,,,,,,,,,,,,,,,,,,,,,,,,,,,,,,,,,,,,,,,,,,,
DET,NOUN,ADP,NOUN,,,,,,,,,,,,,,,,,,,,,,,,,,,,,,,,,,,,,,,,,,,,,,,,,,,,,
Nessuna,,,,,,,,,,,,,,,,,,,,,,,,,,,,,,,,,,,,,,,,,,,,,,,,,,,,,,,,
PRON,,,,,,,,,,,,,,,,,,,,,,,,,,,,,,,,,,,,,,,,,,,,,,,,,,,,,,,,
Rappresentazione,dell'informazione,,,,,,,,,,,,,,,,,,,,,,,,,,,,,,,,,,,,,,,,,,,,,,,,,,,,,,,
NOUN,NOUN,,,,,,,,,,,,,,,,,,,,,,,,,,,,,,,,,,,,,,,,,,,,,,,,,,,,,,,
Rappresentazione,simbolica,,,,,,,,,,,,,,,,,,,,,,,,,,,,,,,,,,,,,,,,,,,,,,,,,,,,,,,
NOUN,ADJ,,,,,,,,,,,,,,,,,,,,,,,,,,,,,,,,,,,,,,,,,,,,,,,,,,,,,,,
Nessuna,,,,,,,,,,,,,,,,,,,,,,,,,,,,,,,,,,,,,,,,,,,,,,,,,,,,,,,,
PRON,,,,,,,,,,,,,,,,,,,,,,,,,,,,,,,,,,,,,,,,,,,,,,,,,,,,,,,,
numeri,,,,,,,,,,,,,,,,,,,,,,,,,,,,,,,,,,,,,,,,,,,,,,,,,,,,,,,,
NOUN,,,,,,,,,,,,,,,,,,,,,,,,,,,,,,,,,,,,,,,,,,,,,,,,,,,,,,,,
complessità,numeri,,,,,,,,,,,,,,,,,,,,,,,,,,,,,,,,,,,,,,,,,,,,,,,,,,,,,,,
NOUN,NOUN,,,,,,,,,,,,,,,,,,,,,,,,,,,,,,,,,,,,,,,,,,,,,,,,,,,,,,,
nulla,,,,,,,,,,,,,,,,,,,,,,,,,,,,,,,,,,,,,,,,,,,,,,,,,,,,,,,,
PRON,,,,,,,,,,,,,,,,,,,,,,,,,,,,,,,,,,,,,,,,,,,,,,,,,,,,,,,,
Variabili,e,stringhe,,,,,,,,,,,,,,,,,,,,,,,,,,,,,,,,,,,,,,,,,,,,,,,,,,,,,,
NOUN,CCONJ,NOUN,,,,,,,,,,,,,,,,,,,,,,,,,,,,,,,,,,,,,,,,,,,,,,,,,,,,,,
Operazioni,con,le,stringhe,,,,,,,,,,,,,,,,,,,,,,,,,,,,,,,,,,,,,,,,,,,,,,,,,,,,,
NOUN,ADP,DET,NOUN,,,,,,,,,,,,,,,,,,,,,,,,,,,,,,,,,,,,,,,,,,,,,,,,,,,,,
Operazioni,con,le,variabili,,,,,,,,,,,,,,,,,,,,,,,,,,,,,,,,,,,,,,,,,,,,,,,,,,,,,
NOUN,ADP,DET,NOUN,,,,,,,,,,,,,,,,,,,,,,,,,,,,,,,,,,,,,,,,,,,,,,,,,,,,,
Linguaggio,in,Python,,,,,,,,,,,,,,,,,,,,,,,,,,,,,,,,,,,,,,,,,,,,,,,,,,,,,,
NOUN,ADP,PROPN,,,,,,,,,,,,,,,,,,,,,,,,,,,,,,,,,,,,,,,,,,,,,,,,,,,,,,
Linguaggio,di,programmazione,,,,,,,,,,,,,,,,,,,,,,,,,,,,,,,,,,,,,,,,,,,,,,,,,,,,,,
NOUN,ADP,NOUN,,,,,,,,,,,,,,,,,,,,,,,,,,,,,,,,,,,,,,,,,,,,,,,,,,,,,,
Somme,tra,tipi,di,numeri,diversi,,,,,,,,,,,,,,,,,,,,,,,,,,,,,,,,,,,,,,,,,,,,,,,,,,,
NOUN,ADP,NOUN,ADP,NOUN,ADJ,,,,,,,,,,,,,,,,,,,,,,,,,,,,,,,,,,,,,,,,,,,,,,,,,,,
Operazioni,in,Python,,,,,,,,,,,,,,,,,,,,,,,,,,,,,,,,,,,,,,,,,,,,,,,,,,,,,,
NOUN,ADP,PROPN,,,,,,,,,,,,,,,,,,,,,,,,,,,,,,,,,,,,,,,,,,,,,,,,,,,,,,
Tutto,,,,,,,,,,,,,,,,,,,,,,,,,,,,,,,,,,,,,,,,,,,,,,,,,,,,,,,,
PRON,,,,,,,,,,,,,,,,,,,,,,,,,,,,,,,,,,,,,,,,,,,,,,,,,,,,,,,,
Nessuna,,,,,,,,,,,,,,,,,,,,,,,,,,,,,,,,,,,,,,,,,,,,,,,,,,,,,,,,
PRON,,,,,,,,,,,,,,,,,,,,,,,,,,,,,,,,,,,,,,,,,,,,,,,,,,,,,,,,
Vari,tipi,variabili,per,il,programma,Python,,,,,,,,,,,,,,,,,,,,,,,,,,,,,,,,,,,,,,,,,,,,,,,,,,
ADJ,NOUN,NOUN,ADP,DET,NOUN,PROPN,,,,,,,,,,,,,,,,,,,,,,,,,,,,,,,,,,,,,,,,,,,,,,,,,,
Nessuno,,,,,,,,,,,,,,,,,,,,,,,,,,,,,,,,,,,,,,,,,,,,,,,,,,,,,,,,
PRON,,,,,,,,,,,,,,,,,,,,,,,,,,,,,,,,,,,,,,,,,,,,,,,,,,,,,,,,
Tutto,chiaro,,,,,,,,,,,,,,,,,,,,,,,,,,,,,,,,,,,,,,,,,,,,,,,,,,,,,,,
PRON,ADJ,,,,,,,,,,,,,,,,,,,,,,,,,,,,,,,,,,,,,,,,,,,,,,,,,,,,,,,
Variabili,in,Python:,"interi,","float,",stringhe,,,,,,,,,,,,,,,,,,,,,,,,,,,,,,,,,,,,,,,,,,,,,,,,,,,
NOUN,ADP,PROPN,NOUN,NOUN,NOUN,,,,,,,,,,,,,,,,,,,,,,,,,,,,,,,,,,,,,,,,,,,,,,,,,,,
Stringhe,,,,,,,,,,,,,,,,,,,,,,,,,,,,,,,,,,,,,,,,,,,,,,,,,,,,,,,,
NOUN,,,,,,,,,,,,,,,,,,,,,,,,,,,,,,,,,,,,,,,,,,,,,,,,,,,,,,,,
Nessuna,,,,,,,,,,,,,,,,,,,,,,,,,,,,,,,,,,,,,,,,,,,,,,,,,,,,,,,,
PRON,,,,,,,,,,,,,,,,,,,,,,,,,,,,,,,,,,,,,,,,,,,,,,,,,,,,,,,,
Primo,approccio,con,Python,,,,,,,,,,,,,,,,,,,,,,,,,,,,,,,,,,,,,,,,,,,,,,,,,,,,,
ADJ,NOUN,ADP,PROPN,,,,,,,,,,,,,,,,,,,,,,,,,,,,,,,,,,,,,,,,,,,,,,,,,,,,,
Stringhe,,,,,,,,,,,,,,,,,,,,,,,,,,,,,,,,,,,,,,,,,,,,,,,,,,,,,,,,
NOUN,,,,,,,,,,,,,,,,,,,,,,,,,,,,,,,,,,,,,,,,,,,,,,,,,,,,,,,,
Nuovi,operatori,//,%,,,,,,,,,,,,,,,,,,,,,,,,,,,,,,,,,,,,,,,,,,,,,,,,,,,,,
ADJ,NOUN,SYM,SYM,,,,,,,,,,,,,,,,,,,,,,,,,,,,,,,,,,,,,,,,,,,,,,,,,,,,,
Esercitazione,,,,,,,,,,,,,,,,,,,,,,,,,,,,,,,,,,,,,,,,,,,,,,,,,,,,,,,,
NOUN,,,,,,,,,,,,,,,,,,,,,,,,,,,,,,,,,,,,,,,,,,,,,,,,,,,,,,,,
Tutto,,,,,,,,,,,,,,,,,,,,,,,,,,,,,,,,,,,,,,,,,,,,,,,,,,,,,,,,
PRON,,,,,,,,,,,,,,,,,,,,,,,,,,,,,,,,,,,,,,,,,,,,,,,,,,,,,,,,
Niente,,,,,,,,,,,,,,,,,,,,,,,,,,,,,,,,,,,,,,,,,,,,,,,,,,,,,,,,
PRON,,,,,,,,,,,,,,,,,,,,,,,,,,,,,,,,,,,,,,,,,,,,,,,,,,,,,,,,
Condizioni,e,connettivi,logici,,,,,,,,,,,,,,,,,,,,,,,,,,
NOUN,CCONJ,NOUN,ADJ,,,,,,,,,,,,,,,,,,,,,,,,,,,,,,,,,,,,,,,,,,,,,,,,,,,,,
Connettivi,logici,,,,,,,,,,,,,,,,,,,,,,,,,,,,,,,,,,,,,,,,,,,,,,,,,,,,,,,
NOUN,ADJ,,,,,,,,,,,,,,,,,,,,,,,,,,,,,,,,,,,,,,,,,,,,,,,,,,,,,,,
Tutto,chiaro,,,,,,,,,,,,,,,,,,,,,,,,,,,,,,,,,,,,,,,,,,,,,,,,,,,,,,,
PRON,ADJ,,,,,,,,,,,,,,,,,,,,,,,,,,,,,,,,,,,,,,,,,,,,,,,,,,,,,,,
Le,condizioni,,,,,,,,,,,,,,,,,,,,,,,,,,,,,,,,,
DET,NOUN,,,,,,,,,,,,,,,,,,,,,,,,,,,,,,,,,
Connettori,logici,,,,,,,,,,,,,,,,,,,,,,,,,,,,,,,,,
NOUN,ADJ,,,,,,,,,,,,,,,,,,,,,,,,,,,,,,,,,
Il,motivo,per,cui,avviene,l?approssimazione,al,momento,della,moltiplicazione,,,,,,,,,,,,,,,,,,,,,,,,,
DET,NOUN,ADP,PRON,VERB,NOUN,ADP,NOUN,ADP,NOUN,,,,,,,,,,,,,,,,,,,,,,,,,
Programmare,con,linguaggio,python,,,,,,,,,,,,,,,,,,,,,,,,,,,,,,,
VERB,ADP,NOUN,PROPN,,,,,,,,,,,,,,,,,,,,,,,,,,,,,,,
Come,programmare,,,,,,,,,,,,,,,,,,,,,,,,,,,,,,,,,
ADV,VERB,,,,,,,,,,,,,,,,,,,,,,,,,,,,,,,,,
Numeri,reali,e,numeri,interi,,,,,,,,,,,,,,,,,,,,,,,,,,,,,,
NOUN,ADJ,CCONJ,NOUN,ADJ,,,,,,,,,,,,,,,,,,,,,,,,,,,,,,
Espressioni,condizionali,e,connettivi,logici.,,,,,,,,,,,,,,,,,,,,,,,,,,,,,,
NOUN,ADJ,CCONJ,NOUN,ADJ,,,,,,,,,,,,,,,,,,,,,,,,,,,,,,
L'utilizzo,dell'enunciato,if,,,,,,,,,,,,,,,,,,,,,,,,,,,,,,,,
NOUN,NOUN,X,,,,,,,,,,,,,,,,,,,,,,,,,,,,,,,,
/,,,,,,,,,,,,,,,,,,,,,,,,,,,,,,,,,,
SYM,,,,,,,,,,,,,,,,,,,,,,,,,,,,,,,,,,
significato,di,complessità,di,un,algoritmo,,,,,,,,,,,,,,,,,,,,,,,,,,,,,
NOUN,ADP,NOUN,ADP,DET,NOUN,,,,,,,,,,,,,,,,,,,,,,,,,,,,,
algoritmi,,,,,,,,,,,,,,,,,,,,,,,,,,,,,,,,,,
NOUN,,,,,,,,,,,,,,,,,,,,,,,,,,,,,,,,,,
nessuna,,,,,,,,,,,,,,,,,,,,,,,,,,,,,,,,,,
PRON,,,,,,,,,,,,,,,,,,,,,,,,,,,,,,,,,,
Primi,passi,in,Python,,,,,,,,,,,,,,,,,,,,,,,,,,,,,,,
ADJ,NOUN,ADP,PROPN,,,,,,,,,,,,,,,,,,,,,,,,,,,,,,,
Python,,,,,,,,,,,,,,,,,,,,,,,,,,,,,,,,,,
PROPN,,,,,,,,,,,,,,,,,,,,,,,,,,,,,,,,,,
Nessuna,,,,,,,,,,,,,,,,,,,,,,,,,,,,,,,,,,
PROPN,,,,,,,,,,,,,,,,,,,,,,,,,,,,,,,,,,
I,cicli,,,,,,,,,,,,,,,,,,,,,,,,,,,,,,,,,
DET,NOUN,,,,,,,,,,,,,,,,,,,,,,,,,,,,,,,,,
While,,,,,,,,,,,,,,,,,,,,,,,,,,,,,,,,,,
X,,,,,,,,,,,,,,,,,,,,,,,,,,,,,,,,,,
"Input,int,str",,,,,,,,,,,,,,,,,,,,,,,,,,,,,,,,,,
X,,,,,,,,,,,,,,,,,,,,,,,,,,,,,,,,,,
Cicli,While,,,,,,,,,,,,,,,,,,,,,,,,,,,,,,,,,
NOUN,X,,,,,,,,,,,,,,,,,,,,,,,,,,,,,,,,,
I,cicli,,,,,,,,,,,,,,,,,,,,,,,,,,,,,,,,,
DET,NOUN,,,,,,,,,,,,,,,,,,,,,,,,,,,,,,,,,
.,,,,,,,,,,,,,,,,,,,,,,,,,,,,,,,,,,
,,,,,,,,,,,,,,,,,,,,,,,,,,,,,,,,,,
descrizione,di,alcune,funzioni,,,,,,,,,,,,,,,,,,,,,,,,,,,,,,,
NOUN,ADP,ADJ,NOUN,,,,,,,,,,,,,,,,,,,,,,,,,,,,,,,
come,capire,quale,algoritmo,è,il,migliore,leggendo,solamemte,il,codice,,,,,,,,,,,,,,,,,,,,,,,,
ADV,VERB,PRON,NOUN,AUX,DET,ADJ,VERB,ADV,DET,NOUN,,,,,,,,,,,,,,,,,,,,,,,,
il,primo,dei,due,esercizi,proposti,verso,la,fine,della,lezione,,,,,,,,,,,,,,,,,,,,,,,,
DET,ADJ,ADP,ADJ,NOUN,VERB,ADV,DET,NOUN,ADP,NOUN,,,,,,,,,,,,,,,,,,,,,,,,
"Condizioni,","if,","else,","and,","or,",logica,,,,,,,,,,,,,,,,,,,,,,,,,,,,,
NOUN,X,X,X,X,NOUN,,,,,,,,,,,,,,,,,,,,,,,,,,,,,
Saperle,usare,correttamente,,,,,,,,,,,,,,,,,,,,,,,,,,,,,,,,
VERB,VERB,ADV,,,,,,,,,,,,,,,,,,,,,,,,,,,,,,,,
Il,motivo,per,quale,il,computatore,da,come,risultato,434.999994,,,,,,,,,,,,,,,,,,,,,,,,,
DET,NOUN,ADP,PRON,DET,NOUN,ADP,ADV,NOUN,NUM,,,,,,,,,,,,,,,,,,,,,,,,,
Logica,e,Rappresentazione,dei,numeri,,,,,,,,,,,,,,,,,,,,,,,,,,,,,,
NOUN,CCONJ,NOUN,ADP,NOUN,,,,,,,,,,,,,,,,,,,,,,,,,,,,,,
La,logica,,,,,,,,,,,,,,,,,,,,,,,,,,,,,,,,,
DET,NOUN,,,,,,,,,,,,,,,,,,,,,,,,,,,,,,,,,
Nessuna,,,,,,,,,,,,,,,,,,,,,,,,,,,,,,,,,,
PRON,,,,,,,,,,,,,,,,,,,,,,,,,,,,,,,,,,
"Logica,","dimostrazioni,",CPU,,,,,,,,,,,,,,,,,,,,,,,,,,,,,,,,
NOUN,NOUN,NOUN,,,,,,,,,,,,,,,,,,,,,,,,,,,,,,,,
Logica,,,,,,,,,,,,,,,,,,,,,,,,,,,,,,,,,,
NOUN,,,,,,,,,,,,,,,,,,,,,,,,,,,,,,,,,,
Nessuna,,,,,,,,,,,,,,,,,,,,,,,,,,,,,,,,,,
PRON,,,,,,,,,,,,,,,,,,,,,,,,,,,,,,,,,,
Algoritmo,"vitale,",macchina,di,von,"Neumann,","sintassi,",numeri,reali,,,,,,,,,,,,,,,,,,,,,,,,,,
NOUN,ADJ,NOUN,ADP,PROPN,PROPN,NOUN,NOUN,ADJ,,,,,,,,,,,,,,,,,,,,,,,,,,
Come,funziona,la,CPU,,,,,,,,,,,,,,,,,,,,,,,,,,,,,,,
ADV,VERB,DET,NOUN,,,,,,,,,,,,,,,,,,,,,,,,,,,,,,,
Come,implicare,tutti,gli,argomenti,nella,codifica,in,python,,,,,,,,,,,,,,,,,,,,,,,,,,
ADV,VERB,ADJ,DET,NOUN,ADO,NOUN,ADP,PROPN,,,,,,,,,,,,,,,,,,,,,,,,,,
Ciclo,for,,,,,,,,,,,,,,,,,,,,,,,,,,,,,,,,,
NOUN,X,,,,,,,,,,,,,,,,,,,,,,,,,,,,,,,,,
Ciclo,for,,,,,,,,,,,,,,,,,,,,,,,,,,,,,,,,,
NOUN,X,,,,,,,,,,,,,,,,,,,,,,,,,,,,,,,,,
Ultimo,esercizio,,,,,,,,,,,,,,,,,,,,,,,,,,,,,,,,,
ADJ,NOUN,,,,,,,,,,,,,,,,,,,,,,,,,,,,,,,,,
Cicli,for,,,,,,,,,,,,,,,,,,,,,,,,,,,,,,,,,
NOUN,X,,,,,,,,,,,,,,,,,,,,,,,,,,,,,,,,,
Range,,,,,,,,,,,,,,,,,,,,,,,,,,,,,,,,,,
X,,,,,,,,,,,,,,,,,,,,,,,,,,,,,,,,,,
Non,ho,capito,gli,ultimi,esercizi,,,,,,,,,,,,,,,,,,,,,,,,,,,,,
ADV,AUX,VERB,DET,ADJ,NOUN,,,,,,,,,,,,,,,,,,,,,,,,,,,,,
Ciclo,"for,",utilizzo,e,vari,esempi,,,,,,,,,,,,,,,,,,,,,,,,,,,,,
NOUN,X,VERB,CCONJ,ADJ,NOUN,,,,,,,,,,,,,,,,,,,,,,,,,,,,,
I,cicli,innestati,e,"""l'end""",della,funzione,print,,,,,,,,,,,,,,,,,,,,,,,,,,,
DET,NOUN,ADJ,CCONJ,X,ADP,NOUN,X,,,,,,,,,,,,,,,,,,,,,,,,,,,
Il,perché,nell'esercizio,il,ciclo,stampava,per,colonne,e,poi,per,righe,e,i,cicli,innestati,negli,esercizi,,,,,,,,,,,,,,,,,
DET,NOUN,NOUN,DET,NOUN,VERB,ADP,NOUN,CCONJ,ADV,ADO,NOUN,CCONJ,DET,NOUN,ADJ,ADP,NOUN,,,,,,,,,,,,,,,,,
Funzioni,,,,,,,,,,,,,,,,,,,,,,,,,,,,,,,,,,
NOUN,,,,,,,,,,,,,,,,,,,,,,,,,,,,,,,,,,
Codice,per,scrivere,il,tappeto,,,,,,,,,,,,,,,,,,,,,,,,,,,,,,
NOUN,ADP,VERB,DET,NOUN,,,,,,,,,,,,,,,,,,,,,,,,,,,,,,
Come,ha,potuto,notare,oggi,se,ci,chiede,di,svolgere,un,esercizio,da,soli,non,siamo,in,grado...,C'è,qualcosa,che,non,va!,I,concetti,spiegati,sono,abbastanza,chiari,ma,applicarli,è,un,altro,conto
ADV,AUX,VERB,VERB,ADV,SCONJ,PRON,VERB,ADP,VERB,DET,NOUN,ADP,NOUN,ADV,VERB,ADP,NOUN,AUX,PRON,PRON,ADV,VERB,DET,NOUN,ADJ,AUX,ADV,ADJ,CCONJ,VERB,AUX,DET,PRON,NOUN
Esercitazione,,,,,,,,,,,,,,,,,,,,,,,,,,,,,,,,,,
NOUN,,,,,,,,,,,,,,,,,,,,,,,,,,,,,,,,,,
Tutto,,,,,,,,,,,,,,,,,,,,,,,,,,,,,,,,,,
PRON,,,,,,,,,,,,,,,,,,,,,,,,,,,,,,,,,,
Niente,,,,,,,,,,,,,,,,,,,,,,,,,,,,,,,,,,
PRON,,,,,,,,,,,,,,,,,,,,,,,,,,,,,,,,,,
